Word,Stemmed Word,Definitions,Part of Speech,Contexts,Synonyms,Antonyms,Derived Words,Hypernyms,Hyponyms,Meronyms,Holonyms,Sentiment_Score,Sentimental_Label
bersiap,siap,"[ber.siap]  | برسياڤ Definisi : Id jaga sedia!, jaga baik-baik! (perintah dlm tentera), (Kamus Dewan Edisi Keempat), [ber.siap]  | برسياڤ Definisi : 1. = ~ sedia = ~ lengkap = bersiap-siap berjaga-jaga utk menghadapi sesuatu, ber­waspada: setelah kelihatan itu, maka masing-masing pun ~lah menghadapi perahu perom­pak itu, 2. berkemas atau bersedia mengaturkan sesuatu: maka ia pun ~lah menghamparkan tikar yg cantik lalu menyuruh tamu naik, 3. Id siap (perintah dlm tentera), (Kamus Dewan Edisi Keempat), [ber.siap]  | برسياڤ Definisi : 1 bekerja utk mengemaskan atau utk mengatur sesuatu: Encik Ahmad ~ menghamparkan tikar lalu mempersilakan tetamu naik. 2 bersedia menghadapi sesuatu, berjaga-jaga, berwaspada: Masing-masing pun ~ menunggu serangan musuh. (Kamus Pelajar Edisi Kedua)",kata kerja,,selesai,,"bersiap, bersiap-siap, menyiapkan, persiapan, penyiapan","berkisar, meminda, mendidik","memberi, menggurdi, mengukuhkan",,,0.0,Neutral
india,,Definisi : bangsa yg nenek moyang mereka berasal dr benua India. (Kamus Dewan Edisi Keempat),,,,,,,,"Thar_Desert, Sungai_Ganges, Manipur","Asia, Negara-Negara_Komanwel, OPEC",0.1160548105835914,Positive
tekad,tekad,"[té.kad]  | تيکد Definisi : (tékad) kemahuan yg sungguh-sungguh (utk mencapai sesuatu), kepercayaan yg sungguh-sungguh, kebulatan hati: bulatlah sudah ~ nya utk ke luar negeri, memasang ~ Id bernazar, berkaul, berniat, membulatkan ~ menetapkan kemahuan (utk berbuat se­suatu), bertekad bermaksud, berazam, berniat, ketekadan kesungguhan (hati): ~ utk ber-satu. (Kamus Dewan Edisi Keempat), [té.kad]  | تيکد Definisi : /tékad/ kemahuan yg kuat utk mencapai sesuatu, azam yg sungguh-sungguh. bertekad berazam, bermak­sud, berniat. (Kamus Pelajar Edisi Kedua)",kata nama,,kebulatan hati,,bertekad,"tekad, ciri, penentuan","tekad, kedegilan, kekukuhan",,,0.0,Neutral
memperbaiki,,"[mem.per.bai.ki]/[mem.per.bai/.ki]  | ممڤرباءيقي Definisi : sl berbuat baik kpd: Tuanku segala anak cucu patik sedia akan jadi hambalah Kebawah Duli Yang Dipertuan, hendaklah ia diperbaiki oleh anak cucu tuan hamba, (Kamus Dewan Edisi Keempat), [mem.per.bai.ki]/[mem.per.bai/.ki]  | ممڤرباءيقي Definisi : berbuat baik kpd, melakukan selayaknya kpd: Tuanku, segala anak cucu patik sedia akan jadi hambalah Kebawah Duli Yang Dipertuan, hendaklah ia diperbaiki oleh anak cucu tuan hamba. (Kamus Pelajar Edisi Kedua)",,,,,,"menjerumat, mempergilirkan, merajuki","meringankan, membantu, menjerumat",,,0.0,Neutral
kelemahan,lemah,"[ke.le.ma.han]  | کلمهن Definisi : perihal lemah: ia manusia biasa dan mempunyai berbagai-bagai ~ dan ke­kurangan, (Kamus Dewan Edisi Keempat), [ke.le.ma.han]  | کلمهن Definisi : keadaan atau hal lemah. (Kamus Pelajar Edisi Kedua)",kata sifat,,"lesu, lembam","cergas, cerdas","melemahkan, kelemahan","kesialan, ciri, kejahatan","tiada, kecelaan, restu",,,0.3837383985519409,Positive
giat,,"[giat]  | ݢيات Definisi : I sentiasa atau sering kali membuat sesuatu, aktif, cergas, cekatan, tangkas: kita mesti ~ bekerja, sejak awal tahun enam puluhan, Mohd Nor Azam ~ menulis ulasan tentang cerpen, bergiat berusaha dgn giat, bersungguh-sungguh, aktif: dia ~ dlm lapangan seni nyanyi, kanak-kanak itu tidak mahu ~ menjayakan usaha guru, menggiatkan, mempergiat, mempergiatkan menyebabkan bergiat, membangkitkan semangat utk berusaha: perkataan itu ~ usaha mereka, kegiatan 1. perihal atau keadaan giat, kecergasan, 2. aktiviti, penggiat pihak (bahan, orang, jentera, dsb) yg menggiatkan sesuatu, penggerak: tokoh dan ~ teater berkumpul utk membincangkan kegiatan teater tanah air. (Kamus Dewan Edisi Keempat), [giat]  | ݢيات Definisi : ejekan, cemuh: ~ dan cemuh kawan-kawannya tidak pernah dijawab, menggiat mengejek, mencemuh. (Kamus Dewan Edisi Keempat), [giat]  | ݢيات Definisi : rajin serta sungguh-sungguh membuat sesuatu, tangkas dan kuat, aktif: Anak-anak hendaklah dididik supaya ~ belajar. bergiat berusaha dgn sungguh-sunguh: Setelah tamat pengajiannya, ia ~ pula dlm lapangan politik. menggiatkan membangkitkan semangat supaya giat: Syarikat itu ~ orang-orang Melayu dlm lapangan perniagaan. mempergiat menjadikan lebih giat: Dia ~ usaha yg dijalankannya itu. kegiatan 1 hal atau keadaan giat, ketangkasan dan kekuatan (berusaha), keaktifan. 2 usaha atau kerja yg dilakukan, aktiviti: ~ luar sekolah. (Kamus Pelajar Edisi Kedua), [giat]  | ݢيات Definisi : kata(-kata) yg digunakan utk mengejek, mencemuh atau menyindir: Segala ~ dan cemuh tidak pernah dihiraukannya. menggiat mengeluarkan kata(-kata) utk mengejek, mencemuh, menyindir. (Kamus Pelajar Edisi Kedua)",,,,,,"ragam, hasrat, minat",,,,0.0,Neutral
memperkasakan,,"[mem.per.ka.sa.kan]  | ممڤرکاساکن Definisi : menjadikan hebat (unggul, kuat, terkenal, berdaulat, dominan dsb): usaha utk ~ industri minyak sawit perlu dilakukan segera, ~ bahasa Melayu, (Kamus Dewan Edisi Keempat), [mem.per.ka.sa.kan]  | ممڤرکاساکن Definisi : menjadikan perkasa (hebat, unggul dsb): Usaha dijalankan utk ~ bahasa Melayu. (Kamus Pelajar Edisi Kedua)",,,,,,,,,,0.1282219886779785,Positive
mencuri,,"[men.cu.ri]  | منچوري Definisi : 1. mengambil kepunyaan orang tidak dgn kebenarannya, memaling: kadang-kadang dia ~ duit ayahnya dan sebab itulah dia selalu dipukul, 2. = mencuri-curi mem­buat sesuatu dgn tidak diketahui orang atau dgn diam-diam (sembunyi-sembunyi, rahsia): ketika saya ~ melihat mukanya, nampak ia tersenyum, dia telah ~ pergi bersama-sama kawannya, ~ hati memikat hati, ~ masa menggunakan masa bekerja utk hal lain, ~ pandang memandang dgn cepat-cepat lalu menoleh ke tempat lain, ~ pekerja mengambil atau menarik pekerja (yg sedang berkhidmat dgn) sesebuah syarikat dll tanpa kerelaan majikan­nya, ~ tulang mengelakkan pekerjaan dgn tipu helah (kalau tidak diawasi tidak bekerja), (Kamus Dewan Edisi Keempat), [men.cu.ri]  | منچوري Definisi : 1 mengambil hak orang dgn tidak setahu atau dgn tidak mendapat kebenaran orang yg empunya: Orang yg ~ ayamnya itu telah ditangkap polis. 2 = mencuri-curi membuat atau melakukan sesuatu secara sem­bunyi-sembunyi: Dia ~ melihat gadis itu. (Kamus Pelajar Edisi Kedua)",,,,,,"terjadi, memenangi, berganjak","menyondang, menyalahgunakan, menggaet",,,-0.3161322772502899,Negative
perkembangan,kembang,"[per.kem.ba.ngan]  | ڤرکمبڠن Definisi : perihal (proses dsb) ber­kembang (menjadi maju atau tersebar, mem­biak, meluas, dsb), pertumbuhan, kemajuan: ~ bahasa dan kesusasteraan Melayu, dgn ~ perindustrian, banyaklah lagi hasil perusahaan yg dapat dikeluarkan, ~ politik, ~ ilmu pengetahuan, (Kamus Dewan Edisi Keempat), [per.kem.ba.ngan]  | ڤرکمبڠن Definisi : keadaan atau hal berkembang: ~ bahasa Melayu, ~ agama Islam. (Kamus Pelajar Edisi Kedua)",kata kerja,masakan,"mekar, muai","kuncup, batat","berkembang, mengembangkan, memperkembangkan, perkembangan, pengembangan","koloni, tambah, gerak","longgokan, usaha, perambatan",,,0.1786566078662872,Positive
bertekad,tekad,"[ber.té.kad]  | برتيکد Definisi : bermaksud, berazam, berniat, (Kamus Dewan Edisi Keempat), [ber.té.kad]  | برتيکد Definisi : berazam, bermak­sud, berniat. (Kamus Pelajar Edisi Kedua)",kata nama,,kebulatan hati,,bertekad,,"mengarik, menguasai, mengambil",,,0.0,Neutral
sekiranya,kira,"Definisi : kalau, kalau-kalau, seandai­nya: maafkan kami ~ kami mengganggu, jikalau ~ ada Hang Tuah hidup, adakah ampun duli tuanku akan dia? (Kamus Dewan Edisi Keempat), Definisi : kiranya, kalau: mereka asyik mengatur cara-cara mengawal keamanan sekiranya berlaku kecemasan, (Kamus Dewan Edisi Keempat), Definisi : kalau, seandainya: Mereka akan mogok ~ kerajaan menolak tuntutan mereka. (Kamus Pelajar Edisi Kedua)",kata nama,,"pendapat, taksiran, peduli",,"kiranya, sekiranya, kira-kira, berkira, berkira-kira, mengira, mengira-ngira, terkira, kiraan, perkiraan, pengiraan, pengira",,,,,0.0,Neutral
memang,memang,"[mé.mang]  | ميمڠ Definisi : (mémang) sesungguhnya, sebenar­nya, sewajarnya, sudah sepatutnya begitu: ~ benar perkataan engkau itu, Zahar ~ selalu datang ke rumahnya, dihitung dr segi agama suaminya ~ berhak beristeri lagi, sememangnya 1. sebenarnya, sesungguh­nya: kami ~ berharap utk sehidup semati, 2. sepatutnya, sewajarnya: ia ~ harus bersuka ria dlm keadaan serupa itu. (Kamus Dewan Edisi Keempat), [mé.mang]  | ميمڠ Definisi : /mémang/ sudah begitu halnya, sudah tentu: ~ benar kata guru itu. sememangnya sesungguhnya, sebenarnya: Budak itu ~ nakal. (Kamus Pelajar Edisi Kedua)",,,sungguh,,sememangnya,,,,,0.0,Neutral
menganalisis,,"[me.nga.na.li.sis]  | مڠاناليسيس Definisi : melakukan analisis ke atas sesuatu (bahan, data, dll): darah harus di­ambil drpd kedua-dua ibu bapa utk diana­lisis, bahkan buku tatabahasa yg ~ aturan bahasa pun masih menggunakannya secara tidak tetap, ~ teks yg digunakan sbg data, (Kamus Dewan Edisi Keempat), [me.nga.na.li.sis]  | مڠاناليسيس Definisi : 1 menghuraikan sesuatu perkara utk mengetahui selok-beloknya dll, mengkaji. 2 menceraikan sesuatu bahan kpd bahagian-bahagiannya dgn kaedah kimia. (Kamus Pelajar Edisi Kedua)",,,,,,"berubat, menggergaji, terpotong","menganut, merenung, menggurdi",,,-0.146457552909851,Negative
terlibat,libat,"[ter.li.bat]  | ترليبت Definisi : 1. terbebat, terbelit, terlipat, 2. termasuk (dlm sesuatu hal), terbabit: kalau perkara itu ada kaitan dgn kampungnya, dirinya turut ~ sama, (Kamus Dewan Edisi Keempat), [ter.li.bat]  | ترليبت Definisi : termasuk atau terbabit dlm sesuatu hal: Tengku Kudin telah ~ juga dlm peperangan itu. (Kamus Pelajar Edisi Kedua)",,,,,"melibat, melibatkan, terlibat","terjadi, beraksi, bertindak",jarak_dekat,,,0.0,Neutral
sasar,sasar,"[sa.sar]  | ساسر Definisi : setengah gila, kurang siuman, ~ bahasa gila bahasa. (Kamus Dewan Edisi Keempat), [sa.sar]  | ساسر Definisi : Jk, menyasar tidak mengikut arah yg sepatutnya, sesat, kesasar, tersasar terpesong (drpd arah atau landasan yg sewajarnya), tersesat (fikiran dll): oleh itu, yg salah harus dibetulkan, yg ~ hendaklah ditepatkan dan yg kurang perlu digenapkan, belut yg ~ di bawah permatang, anak ~ anak yg sudah rosak fikirannya. (Kamus Dewan Edisi Keempat), [sa.sar]  | ساسر Definisi : Jk, menyasar membidik, menghala, menuju, menyasarkan 1. menghalakan, menujukan, 2. menetapkan sasaran (hasil, perolehan dsb yg ingin dicapai): syarikat ~ jualan bagi kedua-dua unit amanah ini mencecah sehingga RM30 juta menjelang bulan Jun depan, negara kita ~ 14 pingat emas bagi acara olahraga di temasya Sukan SEA itu, sasaran 1. tujuan (menembak), bulan-bulan: ada yg menembak ~, ada yg bercatur, ada yg bersepak raga, 2. tujuan (serangan politik, marah, kritik, dll): Tijah sudah menjadi tempat ~ marah dan hamun, 3. hasil drpd sesuatu usaha, tindakan dsb yg ingin dicapai, matlamat: kami harus mencapai ~ kerja bulanan yg telah ditetapkan. (Kamus Dewan Edisi Keempat), [sa.sar]  | ساسر Definisi : , menyasar tidak mengikut arah yg betul, salah jalan, sesat. kesasar, tersasar tersalah jalan dll, tersesat. (Kamus Pelajar Edisi Kedua), [sa.sar]  | ساسر Definisi : , menyasar membidik, me­ne­nang, menuju. menyasarkan 1 menujukan, menghalakan. 2 mene­tapkan matlamat (hasil, perolehan dsb) yg hendak dicapai: Pihak pemasaran ~ jualan sebanyak 10,000 unit menjelang hujung tahun ini. sasaran 1 benda yg dituju ketika berlatih menembak dll, bulan-bulan. 2 sesuatu yg menjadi tujuan serangan (kritikan dll). 3 hasil atau perolehan yg ingin dicapai drpd sesuatu usaha: Mereka menetapkan ~ yg agak tinggi bagi projek itu. (Kamus Pelajar Edisi Kedua), [sa.sar]  | ساسر Definisi : tidak berapa siuman, agak gila. (Kamus Pelajar Edisi Kedua)",kata sifat,,setengah gila,,,,,,,0.0,Neutral
layak,layak,"[la.ya/]  | لايق Definisi : 1. padan, patut, sesuai: makanan spt itu hanya ~ utk anjing sahaja, maka barang siapa datang pd baginda, masing-masing pd ~nya diberikan oleh baginda, menurut punca-punca yg ~ dipercayai, 2. mempunyai kebolehan (sifat, kemampuan, dsb) yg ter­tentu atau yg sewajarnya (utk sesuatu), memenuhi syarat-syarat yg ditentukan (utk sesuatu), 3. laku, rupa: engkau hina aku spt mengusir seekor anjing yg berkurap ~nya, selayaknya sepatutnya, sepantasnya: ~lah Pak Sudin dilantik menjadi Ketua Kampung pula, melayakkan menjadikan layak, memadan­kan, menyesuaikan: hanya diri dan kaum kita sahaja yg mesti insaf sendiri dan ~ diri supaya boleh mencapai kemerdekaan yg halal, kelayakan kebolehan, kecekapan, kesanggup­an: tiap-tiap bahagian perkhidmatan itu berkehendakkan ~ atau kelulusan yg khas, berkelayakan mempunyai kelayakan, ber­kebolehan, cekap: seorang pegawai yg ~ dihantar utk memeriksa hal ehwal kewangan. (Kamus Dewan Edisi Keempat), [la.ya/]  | لايق Definisi : , ikan ~ ikan yg dibelah dr belakangnya dan dikeringkan, melayak membelah ikan utk dikeringkan. (Kamus Dewan Edisi Keempat), [la.ya/]  | لايق Definisi : , akar ~ sj tumbuhan (pokok me­manjat yg berteras), akar pisang-pisang jantan, Uvaria purpurea. (Kamus Dewan Edisi Keempat), [la.ya/]  | لايق Definisi : sesuai, patut, padan: Dia ~ menjadi ketua kerana dia cekap. melayakkan menjadikan layak, memadankan, menyesuaikan: Utk ~ kita menjawat jawatan yg lebih tinggi, kita mestilah belajar lagi. kelayakan kebolehan, kecekapan: ~ menjadi polis ialah lulus Sijil Pelajaran Malaysia, badan mesti sihat dan tinggi tidak kurang drpd lima kaki dua inci. berkelayakan mempunyai kebolehan atau kecekapan: Orang yg ~ saja yg diminta memohon. selayaknya sepatutnya, sepantasnya: Sudah ~ dia bertindak sekarang. (Kamus Pelajar Edisi Kedua)",kata sifat,,padan,,"selayaknya, melayakkan, kelayakan, berkelayakan","mencukupi, khasiat, membalas","kesamarataan, kuasa, keadilan",,,0.1390999257564544,Positive
pernah,,"[per.nah]  | ڤرنه Definisi : sudah ada mengalami (melakukan, melihat, merasai, dll), sudah berlaku: ia sudah ~ hidup susah sebelum menjadi kaya, belum (tidak) ~ belum sekalipun (berlaku, kedengar­an, mengalami, dll). (Kamus Dewan Edisi Keempat), [per.nah]  | ڤرنه Definisi : Jk kedudukan, tempat, pertalian kekeluargaan, ~ apa dia? apa pertaliannya denganmu?, ~ anak anak kepadaku (kepada­nya). (Kamus Dewan Edisi Keempat), [per.nah]  | ڤرنه Definisi : sudah ada mengalami (melakukan, melihat) sesuatu, sudah ada berlaku: Dia sendiri ~ meminta pertolongan drpd abangnya. (Kamus Pelajar Edisi Kedua)",,,,,,,,,,-0.2507760226726532,Negative
sembilan,,"[sem.bi.lan]  | سمبيلن Definisi : bilangan sepuluh kurang satu (9), ~ belas 19, ~ puluh 90, ~ ratus 900, bersembilan sembilan (orang dsb) bersama-sama sekali, sembilan (orang dsb) semuanya: kami ~ ditempatkan di sebuah rumah lain, kesembilan (peringkat, bilangan dsb) yg nombor sembilan: banjir ini adalah kali yg ~ berlaku di sini, dia merupakan anak yg ~ drpd sebelas orang adik beradik, kesembilan-sembilan semua seramai atau sebanyak sembilan (orang dsb) sekali: ~ anak­nya berhari raya di kampung pd tahun ini. (Kamus Dewan Edisi Keempat), [sem.bi.lan]  | سمبيلن Definisi : bilangan sepuluh kurang satu, 9: ~ belas 19, ~ puluh 90. bersembilan bersama-sama dlm kumpulan sembilan orang, sembilan jumlahnya: Mereka ~ telah pergi ke sana. kesembilan (peringkat, bilangan dsb) yg nombor sembilan: Dia mendapat tempat ~ dlm acara merentas desa. kesembilan-sembilan semuanya sembilan (orang dsb) serentak: ~ murid itu mendapat hadiah. (Kamus Pelajar Edisi Kedua)",,,,,,"nombor, angka, digit",,,,0.0,Neutral
arab,,"Definisi : 1. bangsa yg berasal dr semenanjung besar barat daya Asia, 2. bahasa yg dituturkan oleh bangsa ini, yg merupakan bahasa al-Quran, mengarabkan menjadikan atau menyebab­kan seseorang atau sesuatu mengikut atau bertukar kpd ciri (nilai, pengaruh dsb) Arab: kita tidak bermaksud hendak ~ bahasa Melayu, kearaban (yg) memperlihatkan ciri (penga­ruh dll) Arab: syair dagang, syair Burung Pingai, dll mempunyai isi yg ~. (Kamus Dewan Edisi Keempat)",,,,,,,,,,0.0,Neutral
fifa,,Definisi : akronim bagi Federation of International Football Associations (Persekutuan Bola Sepak Antarabangsa). (Kamus Dewan Edisi Keempat),,,,,,,,,,0.2630156278610229,Positive
maghribi,,"[magh.ri.bi]  | مغربي Definisi : Ar dr sebelah barat, termasuk sebelah barat (Moroko dll). (Kamus Dewan Edisi Keempat)",,,,,,,,"El_Aaium, Tangier, Casablanca","Mahgrib, Liga_Arab, Maghreb",-0.3135848641395569,Negative
induk,induk,"[in.du/]  | ايندوق Definisi : Mn 1. ibu (terutamanya binatang), emak: kambingnya ada sepuluh ekor, yg sudah jadi ~ tiga ekor, 2. ki yg terutama, yg besar, yg menjadi pokok (asal, punca, asas): kesalahan yg telah kaulakukan itu adalah ~ kpd segala macam kesalahan, ~ ayam a) ayam betina yg sudah beranak, b) ki orang yg penakut, ~ bangsa bangsa yg menjadi punca suku-suku bangsa, ~ beras (nasi) Mn isteri, ~ cuka ibu kaki, ~ hutang hutang yg asal (tidak bercampur dgn bunga), ~ jari (tangan) ibu jari, ~ kaki ibu kaki, ~ kalimat ayat besar yg menjadi pokok cerita (dlm ayat yg bersambung-sambung), ~ karangan karangan yg terutama dlm akhbar atau majalah, ~ madu sarang lebah, ~ pisang pokok pisang yg mula-mula ditanam, ~ roti ragi utk adunan roti, ~ rumah rumah ibu (bahagian yg besar atau bahagian tengah rumah), ~ semang a) orang perempuan yg mengambil orang lain utk menumpang di rumahnya, b) orang yg memberi pekerjaan atau barang-barang (utk dijual) kpd orang lain, ~ sutera sarang ulat sutera, ~ tentera pasukan yg terbesar (dlm gerakan perang), berindukkan mempunyai atau menganggap sesuatu sbg induk: contohnya, bahasa Latin dan bahasa Yunani yg ~ bahasa Indo-Eropah, perinduk, seperinduk semua yg berasal drpd satu ibu atau induk, sekeluarga. (Kamus Dewan Edisi Keempat), [in.du/]  | ايندوق Definisi : 1 ibu (terutamanya kpd binatang), emak: ~ ayam ayam betina yg telah mempunyai anak. 2 ki yg paling besar, yg terutama, yg paling penting: kapal ~ kapal perang yg besar yg mengangkut kapal terbang. (Kamus Pelajar Edisi Kedua)",kata nama,"bincang, kiasan","ibu, asal",,"perinduk, seperinduk","wanita, mama, ibunda",,,,0.0,Neutral
memperingati,ingat,"[mem.pe.ri.nga.ti]/[mem.per.i.nga.ti]  | ممڤرايڠتي Definisi : 1. mengenangkan sesuatu peristiwa dsb dgn perayaan (kenduri dll): perayaan itu diadakan kerana ~ hari tertubuhnya Malaysia, 2. mencatat, membuat peringatan (dlm buku dll), (Kamus Dewan Edisi Keempat), [mem.pe.ri.nga.ti]/[mem.per.i.nga.ti]  | ممڤرايڠتي Definisi : mengenang atau memuliakan sesuatu peristiwa dsb (dgn mengadakan sesuatu majlis dll): Tugu itu telah dibina utk ~ pahlawan-pahlawan negara. (Kamus Pelajar Edisi Kedua)",kata kerja,,"sedar, bercadang, fikir",,"beringat-ingat, mengingatkan, memperingati, memperingatkan, teringat-ingat, ingatan, ingat-ingatan, peringatan","tinjau-meninjau, melaporkan, menyuluhi","menegur, mengomel, kecemasan",,,-0.2518014907836914,Negative
mesyuarat,mesyuarat,"[me.syua.rat]  | مشوارت Definisi : perundingan (utk membincangkan sesuatu, atau mencapai sesuatu keputusan), pembicaraan, rapat, ~ agung perundingan besar (oleh sesuatu badan, persatuan, dll), bermesyuarat berunding, berapat, berbin­cang, berbicara: rakyat berhak berkumpul sama ada utk ~, bersuka ria atau bermua-fakat, memesyuaratkan sl membincangkan, me­rundingkan, membicarakan: baginda menyu-ruh panggil sekalian orang besar-besar ~ halnya itu, permesyuaratan perihal bermesyuarat, pe­rundingan, perbincangan, rapat: sistem politik Adat Perpatih mempunyai ciri yg khusus yg lebih banyak menekankan sistem ~ yg lebih hampir kpd sistem demokrasi, musyawarah. (Kamus Dewan Edisi Keempat), [me.syua.rat]  | مشوارت Definisi : rundingan utk membincangkan sesuatu atau utk mencari sesuatu ketetapan: ~ agung rundingan besar (oleh sesuatu persatuan, badan dll). bermesyuarat berbincang atau berunding ttg sesuatu hal atau utk mencapai sesuatu keputusan: Pegawai-pegawai tinggi telah ~ utk mengurangkan perbelanjaan dlm negeri. memesyuaratkan membincangkan sesuatu dlm mesyuarat, mengadakan mesyuarat ttg sesuatu, merundingkan: Perkara itu telah dimesyuaratkan. permesyuaratan perbuatan atau hal bermesyuarat, perundingan, perbincangan. (Kamus Pelajar Edisi Kedua)",kata nama,,perbincangan,,"bermesyuarat, memesyuaratkan, permesyuaratan","pemasangan, perhimpunan, perjumpaan","kongres, seminar, tuai",,,0.2634264528751373,Positive
kongres,,"[kong.grés]  | کوڠݢريس Definisi : (kongrés) mesyuarat besar wakil-wakil pertubuhan (politik, sosial, budaya, dsb) utk membincangkan sesuatu isu dsb: masalah memajukan bahasa Melayu, dan membaiki kedudukan ekonomi orang Melayu telah dibincangkan dlm beberapa ~ yg telah diadakan, berkongres mengadakan kongres: mereka ~ lagi utk membincangkan masalah lain pula. (Kamus Dewan Edisi Keempat), [kong.grés]  | کوڠݢريس Definisi : (kongrés) badan perundangan persekutuan di Amerika Syarikat yg terdiri drpd Dewan Rakyat dan Senat. (Kamus Dewan Edisi Keempat), [kong.grés]  | کوڠݢريس Definisi : /kongrés/ mesyuarat besar antara wakil-wakil pertubuhan dll utk membincangkan sesuatu: ~ Bahasa dan Persuratan Melayu Ketiga telah berlangsung pd tahun 1956. (Kamus Pelajar Edisi Kedua)",,,,,,"perhimpunan, perjumpaan, legislatif",,,,0.352165549993515,Positive
undian,undi,"[un.dian]  | اوندين Definisi : 1. sesuatu yg diundi, loteri, ~ wang loteri (wang), menarik ~ mendapat hadiah dlm undian wang dll, menang loteri, 2. hasil mengundi, pemilihan undi: pd hari ini, ter-paksalah wakil-wakil dilantik dgn ~ ramai, 3. ki cubaan (utk menentukan sesuatu), ujian, (Kamus Dewan Edisi Keempat), [un.dian]  | اوندين Definisi : suara (dlm sesuatu pilihan raya dll): Calon Barisan Nasional telah menang dgn kelebihan 3,600 ~. ~ percaya undi yg menunjukkan majoriti menyokong seseorang atau orang tertentu, spt pemimpin atau ketua. ~ pos undi yg dihantar melalui pos apabila pengundi berada di luar kawasan undi pilihan raya berkenaan. ~ sulit undi dlm pemilihan atau penentuan yg dilakukan secara sulit, biasanya dgn menandakan pilihan atau keputusan seseorang pd kertas undi. ~ tak percaya undi yg menunjukkan majoriti tidak menyokong seseorang atau orang tertentu, spt pemimpin atau ketua. (Kamus Pelajar Edisi Kedua)",,,,,"mengundi, undian, pengundian, pengundi",pemilihan,veto,,,0.0,Neutral
pautan,paut,"[pau.tan]  | ڤاءوتن Definisi : 1. hasil memaut (memegang dll), pegangan: mereka pun bersalam-salaman, penuh hormat dan mesra, kemudian ~ tangan mereka terurai, 2. tempat berpaut (berpegang dll), sesuatu yg dipaut: ia masih belum juga berhasil mencari tempat ~ atau tempat tambatannya, 3. hubungannya dgn, kaitannya dgn, 4. tempat menambatkan lembu dll, tempat mengikat ayam, 5. ki tempat asal, ayam pulang ke ~ prb sudah pd tempatnya, (Kamus Dewan Edisi Keempat), [pau.tan]  | ڤاءوتن Definisi : 1 tempat berpaut, pegangan: Amin terjatuh ke tanah setelah ~nya terlepas. 2 tempat memautkan (sesuatu): Kayu ~ lembu itu telah tercabut. 3 ist sambungan dlm sistem komunikasi. 4 ist alat yg menyambungkan atau merangkaikan dua unsur. 5 ist saluran data komunikasi dlm rangkaian komputer. 6 ist sambungan antara dua fail dlm rangkaian komputer. (Kamus Pelajar Edisi Kedua)",,,,,"berpaut, berpautan, berpaut-pautan, memaut, memautkan, terpaut, pautan",,,,,0.0,Neutral
sambutan,sambut,"[sam.bu.tan]  | سمبوتن Definisi : 1. penerimaan (ketibaan tetamu dll), cara-cara meraikan atau menyambut sesuatu (hari raya, tetamu, dll): bagaimana nanti ~ yg akan diterimanya kalau ia pergi ke sana? 2. perhatian (pandangan, anggapan, dll) terhadap sesuatu hal, reaksi: buku karangannya telah mendapat ~ yg baik drpd masyarakat, 3. jawaban terhadap cabaran (tentangan dll), balasan, perlawanan: cabaran itu mendapat ~ drpd orang-orang muda, 4. barang yg dibeli dgn bayarannya ditangguh-kan, barang yg diamanahkan utk dijual, ~ baik penerimaan baik, perkenanan, per-setujuan, ~ permaidani merah sambutan istimewa yg diberikan kpd tetamu kenamaan atau orang yg terkenal, biasanya ketibaannya disambut dgn hamparan permaidani merah, (Kamus Dewan Edisi Keempat), [sam.bu.tan]  | سمبوتن Definisi : 1 cara-cara meraikan ketibaan tetamu dll: Setibanya di bandar itu, beliau telah menerima ~ yg sangat meriah. 2 perhatian dll yg diberikan terhadap sesuatu hal: Buku karangannya tidak mendapat ~ yg memuaskan drpd masyarakat. (Kamus Pelajar Edisi Kedua)",,,,,"bersambut, bersambutan, bersambut-sambutan, menyambut, sambut-menyambut, sambutan, penyambutan, penyambut","perjumpaan, parti, akibatnya","parti, kepulangan, kenduri",,,0.0,Neutral
berasingan,,"[ber.a.sing.a.si.ngan]  | براسيڠن Definisi : , berasing-asingan tidak ber­satu (bercantum dsb), berlain-lainan, terpisah, berpisah-pisahan: kertas soalan itu terbahagi kpd dua bahagian yg ~, pemerintahan kedua-dua kawasan itu sekarang ~, tetapi masih ada perhubungan yg rapat antara kedua-duanya, (Kamus Dewan Edisi Keempat), [ber.a.sing.a.si.ngan]  | براسيڠن Definisi : berlainan, berbeza: Kedua-dua pemburu itu telah mengikut jalan yg ~. (Kamus Pelajar Edisi Kedua)",,,,,,"mengasingkan, berlainan, membeza-bezakan","menyisihkan, mengasingkan, menebat",,,0.0,Neutral
tepuk,tepuk,"[te.pu/]  | تڤوق Definisi : 1. perbuatan menamparkan kedua-dua tapak tangan (supaya berbunyi), 2. bunyi yg terjadi kerana menamparkan kedua-dua tapak tangan: suara itu diiringi pula oleh ketawa dan ~ budak-budak yg ramai di situ, 3. pukulan yg tidak kuat dgn tapak tangan, tepak, ~ dada tamparan di dada, ~ kuduk sanjungan, puji-pujian, ~ sorak (sorai) tepuk tangan yg disertai dgn sorak, ~ tari tepuk tangan sambil menari, ~ berbalas, alang berjawat = alang berjawat, ~ berbalas prb baik dibalas dgn baik, jahat dibalas dgn jahat, ~ dada tanya selera prb sesuatu pekerjaan yg akan kita lakukan hendaklah difikirkan habis-habis, ~ nyamuk menjadi daki prb melawan orang yg lemah itu akan memburukkan nama sahaja, bertepuk a) ~ tampar bergurau, bersenda: tidak spt selalu mereka ~ tampar dan ketawa berdekah-dekah, b) bertepuk tangan, ~ sebelah tangan tiada akan berbunyi prb tidak mungkin percintaan atau perselisihan terjadi drpd satu pihak sahaja, menepuk memukul dgn telapak tangan (tidak berapa kuat): dia terkejut ketika isteri­nya ~ bahunya, ~ dada a) menampar dada dgn tapak tangan, b) ki marah, memperlihatkan keberanian (kemegahan), menepuk-nepuk menepuk beberapa kali atau berulang kali: aku tersedar apabila dia ~ bahuku dr belakang, tepukan perbuatan bertepuk (menepuk). (Kamus Dewan Edisi Keempat), [te.pu/]  | تڤوق Definisi : ~ lalat sj tumbuhan (pokok), benitan putih, kecam, kelat lapis (merah, nasi-nasi, paya, putih), sekujah, Eugenia longiflora. (Kamus Dewan Edisi Keempat), [te.pu/]  | تڤوق Definisi : 1 perbuatan menamparkan ke­­dua-dua tapak tangan supaya ber­bunyi. 2 bunyi yg kedengaran apabila menamparkan kedua-dua tapak ta­ngan. 3 pukulan yg tidak kuat dgn tapak tangan. ~ sorak (-sorai) tepuk tangan yg diiringi sorak. ~ tangan tamparan kedua-dua belah tapak tangan hingga berbunyi. bertepuk, = ~ tangan menamparkan kedua-dua belah tapak tangan hingga berbunyi (sbg tanda gembira dll): Para penonton ~ tangan apabila pemain pasukan Malaysia menjaringkan bola ke dlm gol pasukan lawannya. menepuk memukul (agak perlahan) dgn tapak tangan: Dia terkejut ketika abangnya ~ bahunya. ~ dada a. menampar dada dgn tapak tangan. b. ki membanggakan diri, menunjukkan keberanian. tepukan 1 pukulan utk menepuk, hasil menepuk. 2 hasil bertepuk (tangan). (Kamus Pelajar Edisi Kedua)",,,,,"bertepuk, bertepuk-tampar, menepuk","menumbuk, menimpa, menampar",,,,0.0,Neutral
tangan,tangan,"[ta.ngan]  | تاڠن Definisi : 1. anggota tubuh dr kepala bahu sampai ke hujung jari, anggota tubuh dr pergelangan tangan sampai ke hujung jari: perahu sudah di air, pengayuh sudah di ~, 2. ki sesuatu yg menyerupai tangan atau yg digunakan spt tangan, 3. ki kuasa, pegangan, pengaruh, perintah: semua harta di ~ kita, kuasa meme­rin­tah negeri terletak dlm ~ rakyat, ~ baju bahagian baju yg membalut tangan, lengan baju, ~ besi pemerintahan yg keras, ~ dingin selalu menjadi perbuatannya (spt menanam pokok, mengubat penyakit, dll), ~ jahat orang yg berbuat jahat (mencuri dll), ~ kanan a) tangan sebelah kanan, b) pembantu yg terutama, ~ kosong = berhampa ~ tidak men­dapat (membawa) apa-apa, ~ naik selalu menang dlm perjudian, ~ panas segala per­buatannya selalu gagal, sial, ~ terbuka a) suka menolong orang yg dlm kesusahan, murah hati, b) = dgn ~ terbuka (dgn) ikhlas atau suka hati (menerima sesuatu dll), ~ turun selalu mendapat kerugian (dlm perjudian), tidak beruntung, dr ~ ke ~ dr seorang ke seorang, ~ bagai lipas kudung prb perihal orang yg tangannya tidak mahu diam (spt kanak-kanak), ~ kanan jangan percaya ~ kiri = luka ~ kanan oleh ~ kiri prb jangan terlalu percaya pd sahabat kerana kerap kali sahabat juga yg mencelakakan kita, ~ mencencang (memetik) bahu memikul prb kesalahan yg kita buat itu kita sendirilah yg menang­gung­nya, ~ penat memerah, pasu mendapat san­tan­nya prb orang lain yg bersusah payah, orang lain pula yg mendapat nikmatnya, ~ yg celaka, kerja jatuh prb beroleh kerugian kerana perbuatan ahli keluarga yg tidak se­nonoh, dlm genggaman ~ orang prb di ba­wah kuasa orang lain, digenggamnya ~nya prb perihal orang kikir yg tidak sedikit pun sudi menolong orang yg sengsara, makan ~ prb mendapat rezeki lebih drpd yg diharap-harapkan, tangan-tangan 1. kelek-kelek (kerusi), 2. selusur pd tangga, 3. tempat berpegang (pd basikal), 4. palang pd neraca dll, tangan-menangan dr tangan ke tangan, bu­­kan dr asalnya, menangani 1. mengerjakan (sendiri), mem­buat sendiri, mengusahakan: pekerjaan yg berat-berat pun ditanganinya, masih belum ada sesiapa pun antara kita yg ~ bidang ini secara bersungguh-sungguh, 2. = me­nangan­kan memukuli (dgn tangan) supaya jera, mengajar: kalau tidak menge­nang­kan ke­­tololan adiknya, tadi lagi sudah di­ta­nga­­­­­ni­­­­nya, suruh dia datang sekarang juga, kalau tidak akan aku tangankan, tanganan 1. tangan-tangan, 2. hasil drpd pekerjaan, buatan, penanganan perihal (perbuatan, cara) me­nangani, penangan pukulan dgn tangan: sekarang suruh dia tampil ke muka, dan biar dia me­rasa ~ dr tanganku sendiri. (Kamus Dewan Edisi Keempat), [ta.ngan]  | تاڠن Definisi : 1 bahagian anggota tubuh dr siku sampai ke hujung jari, bahagian anggota tubuh dr pergelangan tangan sampai ke hujung jari. 2 ki sesuatu yg rupanya spt tangan 1 atau yg digunakan spt tangan 1: ~ baju bahagian baju yg menutupi tangan, lengan baju, ~ kemudi tangkai atau pemegang kemudi. 3 ki kuasa, pemerintahan: Pihak Inggeris berusaha merebut Melaka drpd ~ Belanda. ~ kanan a. tangan yg di sebelah kanan. b. pembantu (penolong) yg utama. ~ kosong tidak membawa atau tidak mendapat apa-apa. ~ terbuka a. suka menolong orang yg mendapat kesusahan. b. = dgn ~ terbuka dgn suka hati menerima sesuatu. tangan-tangan 1 tempat berpegang pd tangga dll. 2 palang pd neraca dll. menangani 1 membuat atau mengusahakan se­suatu. 2 memukul orang dgn tangan. penanganan perbuatan atau perihal menangani: ~ projek itu dilakukan dgn cermat dan hati-hati. penangan 1 pukulan dgn tangan. 2 ki akibat atau kesan drpd sesuatu perbuatan: Biar dirasa ~nya disebabkan sifat degilnya itu. (Kamus Pelajar Edisi Kedua)",kata nama,kiasan,"anggota badan, kuasa",kaki,"menangani, menangani, menangankan, penangan","kelek-kelek, kaki, longgokan","penawar, ilmu_trengkas, genggaman","pergelangan_tangan, siku, lengan_bawah","nara, jasad, tubuh",0.2605018615722656,Positive
kamera,,"[ka.mé.ra]  | کاميرا Definisi : (kaméra) alat utk mengambil gambar foto, ~ digital kamera yg menghasilkan imej digi­tal yg boleh disimpan dlm komputer, dipapar­kan pd skrin dan dicetak, ~ kandid kamera kecil utk mengambil gambar seseorang, biasanya tanpa pengetahuannya, ~ polaroid kamera yg dapat menghasilkan gambar segera selepas sahaja gambar sesuatu objek diambil, ~ video kamera yg dapat merakamkan gambar serta bunyi, ~ web sj kamera yg disambungkan pd komputer, yg menghasilkan imej bergerak yg dapat dilihat pd skrin komputer menerusi Internet. (Kamus Dewan Edisi Keempat), [ka.mé.ra]  | کاميرا Definisi : /kaméra/ alat utk mengambil gambar. ~ digital kamera yg menghasilkan imej digital yg boleh disimpan dlm komputer, dipaparkan pd skrin dan dicetak. ~ polaroid kamera yg dpt menghasilkan gambar segera selepas sahaja gambar sesuatu objek diambil. ~ video kamera yg dpt merakamkan gambar serta bunyi pd pita video dan memancarkannya pd skrin monitor (televisyen dsb). ~ web sj kamera yg disambungkan pd komputer, yg menghasilkan imej bergerak yg dpt dilihat pd skrin komputer menerusi Internet. (Kamus Pelajar Edisi Kedua)",,,,,,,,"magazin, pengatup, kartrij",,0.1551761925220489,Positive
ketiga-tiga,,"[ke.ti.ga.ti.ga]  | کتيݢ-تيݢ Definisi : semua seramai atau sebanyak tiga (orang dll), ke­semua bertiga: maka pergilah aku menziarahi ~ makam itu serta membaca doa, ~ orang dlm kumpulan itu serentak mengangguk, (Kamus Dewan Edisi Keempat), [ke.ti.ga.ti.ga]  | کتيݢ-تيݢ Definisi : kesemuanya berjumlah tiga: ~ anaknya sudah bersekolah. (Kamus Pelajar Edisi Kedua)",,,,,,,,,,0.0,Neutral
tersedia,sedia,"[ter.se.dia]  | ترسديا Definisi : telah disediakan (dilengkapkan), ada: teman hidupmu yg ibu idam-idamkan sudah ~, (Kamus Dewan Edisi Keempat)",kata sifat,,"memang ada, memang begitu, siap, sanggup","tiada, lain, batal, enggan","sedianya, bersedia, menyediakan, tersedia, kesediaan, persediaan","nampak, kelihatan, ada",,,,0.3603560626506805,Positive
proses,proses,"[pro.sés]  | ڤروسيس Definisi : (prosés) 1. satu siri perubahan yg ber­laku secara semula jadi: sedangkan kanak-kanak menghadapi ~ perkembangan jiwa utk mendapatkan bahan-bahan ilmu, 2. satu siri tindakan yg dilakukan utk membuat, menghasilkan, atau mencapai sesuatu, 3. kaedah teknik operasi yg digunakan dlm industri utk membuat sesuatu: di Indonesia nampaknya ~ penyaringan dan penapisan masih perlu dijalankan utk dapat memisahkan antah drpd beras, ~ Haber (Kim) sj proses utk menyediakan ammonia drpd nitrogen, 4. Id pembicaraan dlm mahkamah, berproses telah diproses: sebilangan besar makanan ~ diimport dr luar negara, memproses 1. mengambil tindakan tertentu terhadap sesuatu mengikut prosedur yg ditetapkan: pihak majikan sedang ~ permohonan mereka, 2. mengolah bahan men­tah menjadi barangan siap: sudah ada banyak kilang yg menggunakan alat moden utk ~ barang-barang yg hendak dieksport, pemprosesan perbuatan (usaha, kerja dsb) memproses: ~ permohonan utk mengimport barang, ~ makanan, ~ data, pemproses 1. alat (kilang dll) yg memproses sesuatu: penggunaan komputer sbg ~ perkataan, ~ makanan, 2. (Komp) perka­kasan atau perisian yg mempunyai kemam­puan mengolah data bagi mencapai sesuatu hasil: penggunaan komputer sbg ~ kata. (Kamus Dewan Edisi Keempat), [pro.sés]  | ڤروسيس Definisi : /prosés/ 1 perubahan, peristiwa dll yg berlaku berturut-turut dgn sendirinya: ~ perkembangan jiwa, ~ penghadaman makanan. 2 cara atau kaedah tertentu yg diikut utk membuat sesuatu: ~ Bessemer salah satu cara membuat keluli yg dipelopori oleh Bessemer. 3 beberapa perbuatan berperingkat-peringkat yg dilakukan utk mendapatkan sesuatu: ~ pengeluaran minyak kelapa sawit memang rumit dan memerlukan modal yg banyak. memproses 1 membuat (menyediakan, menjalankan) sesuatu menerusi berbagai-bagai proses: Sebuah kilang ~ minyak telah dibina di Port Dickson. 2 membubuh ubat pd kayu supaya tahan lama (tidak dimakan ulat dll). pemprosesan perbuatan atau hal memproses. pemproses 1 alat, kilang dsb yg memproses sesuatu: ~ makanan. 2 ist perkakasan atau perisian yg mempunyai kemampuan mengolah data bagi mencapai sesuatu hasil: Penggunaan komputer sbg ~ kata. ~ imej ist pemproses dlm sistem komputer yg digunakan utk memproses imej (bentuk grafik). ~ kata ist atur cara atau program komputer utk tujuan menulis, mengedit, menyimpan dsb teks, dan seterusnya mencetak teks tsb. ~ kembar ist sistem komputer yg mempunyai dua pemproses yg membolehkan sesuatu atur cara dijalankan dgn lebih pantas. (Kamus Pelajar Edisi Kedua)",kata nama,,operasi,,"memproses, pemprosesan, pemproses","mualamat, makrifat, kegiatan","rayuan, alasan, campur_tangan",,,0.1553779393434524,Positive
agung,,"[a.gung]  | اݢوڠ Definisi : 1. (paling) besar, terutama: balai ~, layar ~, tiang ~, 2. yg tertinggi: pemerintah ~, 3. teristimewa, terkemuka, terutama: Allahyarham Tun Abdul Razak seorang pemimpin yg ~, Allahyarham P. Ramlee seniman ~ Malaysia, tamu ~, 4. yg terbuka kpd dan utk dihadiri oleh semua ahli (bkn mesyuarat, persidangan, dsb): persidangan ~ UMNO, mesyuarat ~ Kesatuan Sekerja DBP, mengagungkan menjadikan (menganggap dsb) agung, membesarkan, memuliakan, me­ninggikan: al-Quran ~ ilmu pengetahuan dan memuliakan ahli ilmu, mengagung-agungkan selalu (sering kali) mengagungkan, sangat mengagungkan, keagungan kebesaran, kemuliaan, keting­gian: ~ Abdullah sbg pengarang terletak pd konsepsinya yg moden, keagungan kebesaran, kemuliaan, keting­gian: ~ Abdullah sbg pengarang terletak pd konsepsinya yg moden, pengagungan perbuatan dsb mengagungkan: antara yg menghalang perkembangan pesat bahasa Melayu ialah kekurangan bahan rujuk­­an dlm bahasa itu dan ~ bahasa Inggeris. (Kamus Dewan Edisi Keempat), [a.gung]  | اݢوڠ Definisi : teragung, teragung-agung ter­han­tuk (kepala, buah-buahan), ragung. (Kamus Dewan Edisi Keempat), [a.gung]  | اݢوڠ Definisi : 1 tertinggi: Allah yg Maha ~. 2 besar: tiang ~, layar ~. mengagungkan menganggap agung, memuliakan, meluhurkan: Sbg rakyat yg setia, kita mesti ~ bahasa Melayu. keagungan keadaan agung, kemuliaan, keluhuran: ~ kerajaan Melayu Melaka telah mencapai kemuncaknya pd zaman pemerintahan Sultan Mansur Syah. (Kamus Pelajar Edisi Kedua)",,,,,,,,,,0.5994873046875,Positive
efektif,,"[e.fék.tif]  | ايفيکتيف Definisi : (éféktif) ada kesannya (pengaruhnya), berkesan, mujarab (bkn ubat): satu sistem perkhidmatan awam yg ~ tidak akan wujud semata-mata kerana pelaksanaan disiplin yg kuat sahaja. (Kamus Dewan Edisi Keempat), [e.fék.tif]  | ايفيکتيف Definisi : /éféktif/ 1 ada kesannya (akibatnya, pengaruhnya), berkesan. 2 dpt mendatangkan hasil yg diharap-harapkan (bkn tindakan, usaha dsb). 3 dpt menyembuhkan (bkn ubat), mujarab. (Kamus Pelajar Edisi Kedua)",,,,,,,,,,0.4986135065555572,Positive
berkecuali,kecuali,"[ber.ke.cua.li]  | برکچوالي Definisi : 1. ada kecualinya, 2. tidak ber­pihak kpd (bersekutu dgn) mana-mana pihak, berdiri sama tengah, negara-negara ~ negara­-negara yg tidak bersekutu dgn atau berpihak kpd negara-negara blok Barat ataupun blok komunis, (Kamus Dewan Edisi Keempat), [ber.ke.cua.li]  | برکچوالي Definisi : 1 ada kecualinya. 2 tidak menyebelahi mana-mana pihak: negara ~ negara yg tidak memihak ke mana-mana. (Kamus Pelajar Edisi Kedua)",,,melainkan,,"berkecuali, mengecuali, mengecualikan, terkecuali, kekecualian",,,,,0.0,Neutral
pemerhatian,hati,"[pe.mer.ha.tian]  | ڤمرهاتين Definisi : perihal memerhatikan, usaha, dsb memerhatikan atau mengamati sesuatu: setelah diperbuat ~ dan percubaan di­ke­tahuilah asal usul penyakit itu, (Kamus Dewan Edisi Keempat), [pe.mer.ha.tian]  | ڤمرهاتين Definisi : perbuatan memperhatikan: Asal usul penyakit itu diketahui setelah ~ dan percubaan dijalankan. (Kamus Pelajar Edisi Kedua)",kata nama,,batin,,"sehati, berhati-hati, memerhatikan, memperhatikan, perhatian, pemerhatian, pemerhati","perhatian, teguran, sukatan","perhatian, pendapat, komen",,,0.0,Neutral
menyatakan,nyata,"[me.nya.ta.kan]  | مڽاتاکن Definisi : 1. menjadikan nyata, me­ne­rangkan, menjelaskan: di dlm buku ini ada dinyatakan dgn ringkas perihal mengubat penyakit yg biasa terjadi, 2. menampakkan, menunjukkan: Ya Tuhanku, hendaklah engkau ~ kebesaran-Mu akan hamba-Mu, 3. mem­beritahu, melaporkan, memaklumkan: Ismail berjumpa dgn pegawai tingginya utk ~ ke­tibaannya, berkali-kali ia ~ keinginannya hendak bertukar kerja, (Kamus Dewan Edisi Keempat), [me.nya.ta.kan]  | مڽاتاکن Definisi : 1 menjadikan nyata, menerangkan, menjelaskan: Dia telah ~ pendapatnya ttg perkara itu. 2 menunjukkan sesuatu sbg bukti, menandakan, membuktikan: Boleh­kah saudara mengadakan bukti utk ~ tuduhan saudara? 3 memberitahukan, memaklumkan, mengatakan: Beliau telah ~ bahawa undang-undang itu hanya utk sementara waktu saja. (Kamus Pelajar Edisi Kedua)",kata sifat,,"terang, benar-benar ada",kabur,"menyatakan, ternyata, kenyataan, pernyataan, penyataan, penyata","nampak, melaporkan, pesan","bon, menitikberatkan, menyabak","wilayah, jabatan, daerah",,0.2349835485219955,Positive
meluluskan,lulus,"[me.lu.lus.kan]  | ملولوسکن Definisi : 1. membiarkan lalu, memasuk­kan: ~ benang ke lubang jarum, 2. melucut­kan (gelang, cincin, dll), 3. memperkenankan (permintaan, permohonan, dll), mempersetujui, mengabulkan: beliau telah pun meng­kaji usul itu terlebih dahulu sebelum dilulus­kan utk dibincangkan, kerajaan telah ~ undang-undang itu beberapa tahun dahulu, 4. menyebabkan (menjadikan) lulus (dlm peperiksaan dll), 5. melepaskan diri, mem­bebaskan (diri), melarikan (diri): walaupun dikepung rapi, mereka dapat ~ diri, (Kamus Dewan Edisi Keempat), [me.lu.lus.kan]  | ملولوسکن Definisi : 1 membiarkan lalu atau masuk. 2 melucutkan (cincin dll). 3 menjadikan lulus atau berjaya (dlm peperiksaan dll). 4 mengabulkan permintaan, permohonan dll, memperkenankan: Kerajaan sudah ~ biasiswanya utk menuntut di luar negara. 5 melepaskan atau membebaskan diri. (Kamus Pelajar Edisi Kedua)",kata kerja,,"tembus, terperlus, terlepas, berjaya",,"meluluskan, lulusan, kelulusan, berkelulusan","memberi, memberikan, membiarkan","membiarkan, membantu, menyembat",,,-0.3480015993118286,Negative
asasi,,"[a.sa.si]  | اساسي Definisi : menjadi dasar, yg menjadi pokok: undang-undang ini tidak mengganggu hak-hak ~ rakyat lain. (Kamus Dewan Edisi Keempat), [a.sa.si]  | اساسي Definisi : yg menjadi dasar atau pokok: hak-hak ~. (Kamus Pelajar Edisi Kedua)",,,,,,,,,,0.3683215081691742,Positive
manusia,manusia,"[ma.nu.sia]  | ماءنسي Definisi : makhluk yg mempunyai akal budi, insan, orang: ada pun jenis yg tinggi sekali antara segala haiwan ialah ~, ~ utama manusia yg terbaik, memanusiakan menjadikan seseorang mem­punyai sifat-sifat manusia yg mulia: peranan sastera adalah utk ~ manusia dan menim-bulkan keindahan dlm jiwa mereka, kemanusiaan perihal manusia, sifat-sifat manusia: tetapi sekarang ia pandai berhujah tentang manusia dan ~, tentang dunia dan keduniaan. (Kamus Dewan Edisi Keempat), [ma.nu.sia]  | ماءنسي Definisi : makhluk Allah yg berjasad dan berakal fikiran, insan. kemanusiaan hal-hal yg berkaitan dgn manusia: peri~ perasaan atau perangai yg layak bagi manusia. (Kamus Pelajar Edisi Kedua)",kata nama,,insan,,kemanusiaan,"nara, nampak, fasal","penderita, tuan_rumah, mempergauli","air_muka, kaki, bentuk","laki-laki, alam_semesta, dunia",0.3017153739929199,Positive
organisasi,organisasi,"[or.ga.ni.sa.si]  | اورݢانيساسي Definisi : kesatuan (susunan dsb) yg terdiri drpd bahagian-bahagian (orang dll) dlm se­suatu pertubuhan (perkumpulan, perbadanan, dll) utk tujuan-tujuan tertentu (kepentingan bersama dsb), pertubuhan: ~ kaum wanita, ~ politik, berorganisasi mempunyai organisasi, ter­susun dgn baik dan rapi: kaum tani mulai ~ dlm gerakan pertahanan rakyat, kejayaan hidup berkeluarga bergantung pd kejayaan dirinya hidup ~, keganasan yg dilakukan secara ~, mengorganisasikan mengatur dlm organi­sasi, menyusun menjadi kesatuan dsb yg ter­atur: ~ badan politik, pengorganisasian perihal (proses) meng­orga­ni­sasikan sesuatu: institusi itu menitik­beratkan ~ ilmu. (Kamus Dewan Edisi Keempat), [or.ga.ni.sa.si]  | اورݢانيساسي Definisi : kesatuan (susunan) ber­bagai-bagai bahagian (orang dsb) yg bersistem dlm sesuatu pertubuhan atau perbadanan, dan mempunyai tujua­n tertentu. mengorganisasikan menyu­sun dan mengurus berbagai-bagai bahagian (orang dsb) sehingga men­jadi sebuah organisasi. (Kamus Pelajar Edisi Kedua)",kata nama,,pertubuhan,,,"bermula, permulaan, aktiviti","maktab, penjajahan, suruhanjaya","keanggotaan, kuorum, kewargaan",,0.1565541625022888,Positive
buruh,,"[bu.ruh]  | بوروه Definisi : orang yg bekerja utk mencari makan, pekerja: ramai orang India yg bekerja sbg ~, Kementerian B~, kaum ~ golongan pekerja, ~ kasar buruh yg lebih memerlukan tenaga fizikal drpd keupayaan mental dlm pekerjaannya, ~ mahir buruh yg mempunyai kepakaran khusus yg diperoleh drpd latihan profesional dlm bidang tertentu, mis jurutera, ~ paksa orang yg dipaksa melakukan kerja berat tanpa ganjaran yg sewajarnya, ~ separuh mahir buruh yg mempunyai kepakaran dlm bidang tertentu yg diperoleh drpd pengalaman bekerja dan atau latihan separuh profesional, mis jurukimpal,berburuhkan mempunyai, mengupah, atau menggunakan seseorang sbg buruh: sektor perladangan dan binaan terpaksa ~ orang asing,memburuh bekerja sbg buruh: siangnya dia ~, malamnya dia belajar bahasa Inggeris,buruhan upah memburuh, perburuhan 1. tenaga (usaha) buruh: membawa masuk orang India ialah satu jalan mengadakan ~ murah, 2. perihal buruh atau memburuh: perkara ~. (Kamus Dewan Edisi Keempat), [bu.ruh]  | بوروه Definisi : orang yg bekerja dgn mendapat upah, pekerja dlm perusahaan dsb: Sudah tujuh tahun Ahmad menjadi ~ di kilang gula itu. ~ kasar buruh yg tidak memerlukan kemahiran. ~ paksa buruh yg dipaksa melakukan kerja berat tanpa ganjaran yg sewajarnya. memburuh bekerja sbg buruh: Banyak orang asing yg ~ di negara kita ini. perburuhan segala sesuatu yg ada hubungannya dgn pekerjaan buruh dan kaum buruh. (Kamus Pelajar Edisi Kedua)",,,,,,"bergusti, melawan, kerja","petugas, pengawas, jurumesin","pekerja, buruh","kaum_buruh, karyawan, pegawai",-0.4153328537940979,Negative
memaklumkan,maklum,"[me.maÖ.lum.kan]/[me.ma/.lum.kan]  | ممعلومکن Definisi : 1. membuat maklum, men­jadikan maklum, memberitahukan, mengkha­barkan, menyatakan: ia datang hendak ~ hal ehwalnya, dipermaklumkannya yg ia hendak membalas kematian isterinya itu, 2. mengumumkan sesuatu (keputusan dll), menyatakan (perang dll), mengisytiharkan (kemerdekaan dll): mereka ~ perang dgn Belanda, (Kamus Dewan Edisi Keempat), [me.maÖ.lum.kan]/[me.ma/.lum.kan]  | ممعلومکن Definisi : memberitahukan, mengkhabarkan, menyatakan: Dgn sukacitanya, anakanda ~ bahawa anakanda sekarang sihat-sihat saja. (Kamus Pelajar Edisi Kedua)",kata kerja,,tahu,,"memaklumi, memaklumkan, termaklum, makluman, pemakluman","melaporkan, melontarkan, meluahkan","menyesal, menyarankan, bertujuan",,,0.3739754557609558,Positive
menyokong,sokong,"[me.nyo.kong]  | مڽوکوڠ Definisi : 1. menyangga (menopang) se­suatu supaya jangan rebah atau roboh: be­berapa orang ~ dan memapah dia supaya jangan rebah, 2. menyatakan persetujuan dan memberi perangsang dgn atau tanpa bantuan kebendaan dll, memberi bantuan (tenaga, wang, dll), membantu: saya ~ penuh fikiran penulis itu, gerila kami ~ pembe­rontakan mereka, (Kamus Dewan Edisi Keempat), [me.nyo.kong]  | مڽوکوڠ Definisi : 1 menaruh sang­ga pd sesuatu supaya tidak rebah, menyangga, menopang. 2 memberikan bantuan (baik berupa wang mahu­pun tenaga dsb), membantu: Saya ~ usul saudara tadi. (Kamus Pelajar Edisi Kedua)",kata nama,,tiang,,"menyokong, sokongan, penyokong","membantu, membangkitkan, menyembat","menjunjung, membantu, membangkitkan",,,0.3291274905204773,Positive
pakej,,"[pa.kéj]  | ڤاکيج Definisi : (pakéj) 1. tawaran (cadangan) yg di­kemukakan terhadap sesuatu urus niaga, per­khidmatan, dll dgn butiran lengkap (kos, bilangan hari, dsb) yg mesti diterima semuanya sbg suatu keseluruhan: ~ percutian ke Pulau Langkawi, 2. (Komp) atur cara dan dokumen berkaitan yg membentuk suatu sistem perisian yg bersepadu, mempakejkan memasukkan tawaran (ca­dangan, perkhidmatan dsb) ke dlm satu pakej: semua perkhidmatan terbabit dipakejkan ke dlm pakej tersebut. (Kamus Dewan Edisi Keempat), [pa.kéj]  | ڤاکيج Definisi : /pakéj/ 1 tawaran atau cadangan yg dikemukakan terhadap sesuatu urus niaga, perkhidmatan, dll dgn butiran lengkap (kos, bilangan hari, dsb) yg mesti diterima semuanya sbg suatu keseluruhan: ~ percutian ke Pulau Langkawi. 2 ist atur cara dan dokumen berkaitan yg membentuk suatu sistem perisian yg bersepadu. (Kamus Pelajar Edisi Kedua)",,,,,,"longgokan, himpunan, koleksi",,,,0.2698271870613098,Positive
mahu,mahu,"[ma.hu]  | ماهو Definisi : 1. suka akan, suka hendak, bersedia akan: dia ~ supaya jawatan itu dipegang oleh se-orang anak negeri, ~ tak ~ a) segan-segan, b) terpaksa, harus, 2. hendak, akan: ~ ke mana budak itu, 3. bp maksud, keinginan, tujuan: apa ~ engkau di sini? semahunya, semahu-mahu, semahu-mahu-nya sekehendak (sesuka) hati, sewenang­wenang: keadaan spt itu tentu tidak akan dapat dibiarkan berjalan ~ sahaja, mahupun meskipun, walaupun, memahu-mahu, memahukan 1. memak­sa-maksa supaya mahu, 2. menghendakkan, mahu kpd, memahui, mengemahui menghendaki, me­nuntut (supaya), kemahuan kehendak, keinginan: macam-macam kehendak dan ~ mereka, berkemahuan mempunyai kemahuan: tabiat berfikir dan ~ secara bebas. (Kamus Dewan Edisi Keempat), [ma.hu]  | ماهو Definisi : 1 tidak keberatan utk berbuat sesuatu, bersedia melakukan sesuatu: Dia ~ menolong orang yg susah kerana dia sendiri pernah mengalami kesusahan. Orang itu tidak ~ bekerja sbg buruh walaupun sudah lama menganggur. 2 tujuan atau maksud melakukan sesuatu, kehendak: Apa ~mu? mahupun ataupun, walaupun, biarpun, meskipun: Baik lelaki ~ perempuan, semuanya bekerja keras. kemahuan 1 kesediaan berbuat atau melakukan sesuatu: Kerana sakit, hilanglah ~ saya utk bekerja. 2 keinginan, kehendak: Anak itu akan menjadi terlalu manja jika segala ~nya diturut. (Kamus Pelajar Edisi Kedua)",kata kerja,,hendak,,"mahu tak mahu, mahupun, semahunya, semahu-mahunya, kemahuan","bertanyakan, mohon, mengingini","mencita-citakan, menyana, mensyaratkan",,,0.0,Neutral
memantau,,"[me.man.tau]  | ممنتاو Definisi : Sb menahan darah drpd keluar: pihak doktor berjaya ~ tangan kanak-kanak yg tercedera dlm kemalangan itu, sebelum menjahit lukanya. (Kamus Dewan Edisi Keempat), [me.man.tau]  | ممنتاو Definisi : 1. menengok, me­lihat, menjenguk, 2. memerhatikan dan memeriksa perkembangan (kemajuan, perjalan­an dsb) sesuatu perkara, fenomena dsb secara kerap dan teliti, biasanya bertujuan utk meng­awal, mencegah, memperbaik, mengawasi dsb: kerajaan sentiasa ~ harga barang keperluan asas agar para peniaga tidak mengambil kesempatan utk menaikkannya dgn sesuka hati, (Kamus Dewan Edisi Keempat), [me.man.tau]  | ممنتاو Definisi : melihat, mengawasi dan mengatur usaha atau tindakan supaya sesuatu (kegiatan, tugas dsb) berjalan lancar: Pihak atasan sentiasa ~ projek penting itu agar terlaksana mengikut jadual. (Kamus Pelajar Edisi Kedua)",,,,,,"nampak, menyemak, memasukkan","nampak, menunjukkan, melacak",,,-0.3569878339767456,Negative
mengkritik,kritik,"[meng.kri.tik]  | مڠکريتيک Definisi : 1. membuat analisis dan penilaian tentang karya seni, sastera, dsb: seorang yg tidak pernah menghasilkan sesuatu karya sastera masih dapat ~ cerpen, novel, ataupun sajak, 2. memperkatakan (mengulas dsb) keburukan atau kelemahan sesuatu atau seseorang, ~ hebat (keras, pedas) mengecam, membidas, mencela: menerusi watak-wataknya pengarang ~ pedas akan masyarakat hari ini, dia menafikan pernah menuduh atau ~ penuntut-penuntut maktab tersebut, (Kamus Dewan Edisi Keempat), [meng.kri.tik]  | مڠکريتيک Definisi : menghuraikan atau meneliti mana-mana yg baik dan yg tidak baik: Beliau telah ~ kelakuan sesetengah penuntut di maktab tsb. (Kamus Pelajar Edisi Kedua)",,,,,"kritikan, mengkritik, pengkritik","melaporkan, merajuki, menggebos","mencemuh, meraung-raungkan, melaporkan",,,0.0,Neutral
kebelakangan,,"[ke.be.la.ka.ngan]  | کبلاکڠن Definisi : sejak masa-masa yg kemudian ini, akhir-akhir ini: pergolakan di Indonesia ~ ini berjalan sangat cepat sehingga amat susah utk mengikutinya, (Kamus Dewan Edisi Keempat)",,,,,,,,,,0.278782844543457,Positive
perbelanjaan,,"[per.be.lan.ja.an]  | ڤربلنجاءن Definisi : perihal berbelanja: kerana banyak membeli buah-buahan dr luar negeri, ~ makin meningkat, segala rang undang-undang dan ~ wang haruslah diluluskan oleh Majlis Mesyuarat Undangan, (Kamus Dewan Edisi Keempat), [per.be.lan.ja.an]  | ڤربلنجاءن Definisi : 1 cara atau kaedah mengeluarkan wang, hal berbelanja. 2 apa-apa yg dibelanjakan: ~nya tiap-tiap bulan cuma dua ratus ringgit saja. (Kamus Pelajar Edisi Kedua)",,,,,,"kos, barangan, belanja","belanja, kos, overhed",,,0.4426301419734955,Positive
reputasi,,"[ré.pu.ta.si]  | ريڤوتاسي Definisi : (réputasi) 1. nama baik: aku mem­punyai pengikut, aku mempunyai ~, aku sudah menjadi tokoh politik, 2. perbuatan dll yg menyebabkan nama baik. (Kamus Dewan Edisi Keempat)",,,,,,"penganggaran, kehormatan, keburukan","budi_pekerti, nama, kemasyhuran",,,0.3191150724887848,Positive
pengeluar,keluar,"[pe.nge.luar]  | ڤڠلوار Definisi : 1. usahawan (syarikat, negara, dsb) yg mengeluarkan (menghasilkan) sesuatu: ~-~ bahan mentah sering kali menghadapi masalah akibat kemerosotan harga, 2. yg mengeluarkan (menghasilkan): negara-negara ~ kelapa yg penting ialah Filipina dan Indonesia. (Kamus Dewan Edisi Keempat), [pe.nge.luar]  | ڤڠلوار Definisi : orang (negeri, syarikat dll) yg mengeluarkan atau yg menghasilkan sesuatu: Malaysia ialah negara ~ getah asli yg utama di dunia. (Kamus Pelajar Edisi Kedua)",kata kerja,,"pergi, muncul, mengalir, diumumkan, dilafazkan, berhenti","masuk, lesap","mengeluarkan, terkeluar, keluaran, pengeluaran, pengeluar","syarikat, firma, dagang",,,,0.1352824568748474,Positive
minyak,minyak,"[mi.nya/]  | ميڽق Definisi : cairan yg tidak boleh bercampur dgn air (diperoleh drpd tumbuh-tumbuhan, binatang, ataupun lombong), lemak yg cair, ~ angin sj ubat (utk menyembuhkan pening kepala, sakit perut, dll) yg diperbuat drpd campuran beberapa bahan, ~ atar sj minyak wangi (berasal dr negara Timur Tengah), ~ babi cairan lemak babi, ~ bakar Id minyak utk menjalankan enjin (kapal dll), ~ bata minyak yg diperbuat drpd buah suntai (boleh dimakan), ~ benzin minyak utk menggerak­kan jentera dll, ~ bumi beberapa jenis minyak yg dilombong dr bumi, ~ cat minyak utk men­cairkan cat, ~ cenduai sj minyak guna-guna (utk menarik hati perempuan), ~ diesel minyak yg digunakan utk enjin diesel, ~ galian minyak bumi, ~ gas = ~ tanah minyak yg mudah terbakar (dipakai utk lampu dll), ~ goreng minyak utk goreng-menggoreng, ~ gosok minyak yg digunakan utk mengurut, ~ hitam a) minyak yg agak pekat utk melicin­kan perjalanan enjin, b) = ~ tar sj minyak yg diperoleh dlm arang batu dan digunakan utk membuat jalan raya (mengawet kayu dll), ~ ikan minyak drpd lemak ikan paus dsb, ~ jarak (kelapa, zaitun, dll) minyak yg dibuat drpd buah jarak (kelapa, zaitun, dll), ~ kacang minyak yg diperoleh drpd kacang tanah, biasanya digunakan dlm masakan, produk farmaseutikal, sabun dsb, ~ kelapa minyak yg diperoleh drpd isi kelapa dan digunakan utk masakan, membuat sabun dsb, ~ kelung air atau cairan yg keluar dr pipi gajah yg sedang naik berahi, ~ kelonyor sj minyak yg harum dan mudah meruap (eau de Cologne), ~ lincir Id ~ = ~ pelicin minyak utk melicinkan perjalanan mesin dll, ~ linsid minyak ber­warna perang dan mudah terbakar yg dieks­trak drpd biji flaks, digunakan dlm pembuatan cat, dakwat pencetak, linoleum, varnis dsb, ~ masak minyak spt minyak kelapa dan minyak sawit, yg digunakan utk memasak atau meng­goreng makanan, ~ mentah minyak yg dilom­bong dan belum diolah lagi, ~ mineral minyak yg diperoleh drpd penyulingan petroleum yg digunakan sbg pelincir, pelembab dan dlm perubatan, ~ pati minyak yg diekstrak drpd tumbuhan dan mempunyai bau atau perisa tumbuhan tersebut, biasanya digunakan dlm membuat minyak wangi, sbg perisa dsb, ~ parafin minyak tanah, ~ pekat Id salap, ~ pelincir minyak utk melicinkan atau melan­carkan pergerakan bahagian-bahagian enjin, ~ perlu campuran alkohol, ester, aldehid, keton, dll yg diekstrak drpd bahagian tum­buhan spt bunga, daun atau kayu, dan diguna­kan utk membuat minyak wangi dan perisa makanan, ~ petrol minyak utk menjalankan enjin dll, ~ rambut minyak utk melicinkan rambut, ~ regular = ~ biasa minyak petrol tanpa plumbum yg mempunyai kadar oktana yg rendah, ~ sapi = ~ samin sj minyak yg diperbuat drpd susu lembu dll, ~ sawit minyak yg diperoleh drpd buah kelapa sawit dan di­gunakan utk masakan, membuat sabun dsb, ~ sayur minyak yg diperoleh drpd tumbuh­tumbuhan dan digunakan utk memasak, mem­buat majerin dsb, ~ super minyak petrol tanpa plumbum yg mempunyai kadar oktana yg tinggi, ~ tetap minyak lemak yg tidak meruap yg diperoleh drpd sayur-sayuran atau haiwan dan digunakan utk membuat bahan pelincir, sabun dsb, ~ wangi = ~ raksi minyak yg berbau harum (bau-bauan), ~ dgn air adakah bercampur prb orang yg bermusuhan atau yg tidak sehaluan mustahil dapat dicampurkan jadi satu, ~ duyung perendang duyung = ~ kita juga yg digo-rengkannya prb seseorang telah berbuat budi atau kebaktian kpd seorang raja atau orang kaya dgn menggunakan kekayaan orang itu sendiri, ~ habis sambal tak enak prb kekece­waan dlm perjodohan anak dgn menantu, licin kerana ~ berminta, elok kerana kain berse-lang prb sindiran utk merendahkan seseorang yg angkuh atau sombong kerana harta atau barang yg dipinjam, memasukkan ~ tanah prb menyalakan marah orang (menghasut) supaya perselisihan makin hebat, sesudah arang-arang hendak ~ pula prb sesudah mengotorkan nama orang sekarang hendak bermanis-manis pula dgn orang itu, berminyak 1. mengandungi minyak, berisi minyak, berlemak, mengeluarkan minyak: ikan yg ~ mengandungi zat vitamin A dan D, 2. memakai minyak: rambutnya kering dan kasar tidak ~, ~ air mukanya ki nampak berseri mukanya (kerana gembira dll), pandai ~ air ki a) pandai berkata-kata utk mencapai sesuatu maksud, b) pandai berpura-pura (bermuka-muka), c) pandai menggunakan sesuatu yg sebenarnya kurang baik, ~ biar lecak = mati-mati ~ biar licin prb tiap-tiap pekerjaan janganlah kepalang, biar­lah sampai pd akhir kesudahannya, ~ tak licin prb alang kepalang, tanggung-tanggung, meminyaki memberi berminyak, membu­buh minyak pd, melumuri dgn minyak: ia sibuk ~ segala bahagian jentera yg bergerak, perminyakan perihal minyak (perlombo­ngannya dll), sakramen ~ Id sj upacara ber­sembahyang utk orang yg hampir akan mati (Roman Katolik). (Kamus Dewan Edisi Keempat), [mi.nya/]  | ميڽق Definisi : , ~ beruk betina (putih) sj tumbuhan (pokok), dedali paya, Xanthophyllum curtisii, rumput ~ sj tumbuhan (rumpai), Cynodon dactylon, rumput ~ sj tumbuhan (rumpai), rumput sepat, Daemonorhops augustifolius, rumput ~ sj tumbuhan (rumpai), Isachne globosa. (Kamus Dewan Edisi Keempat), [mi.nya/]  | ميڽق Definisi : cairan yg diperoleh drpd lemak binatang, tumbuh-tumbuhan, lombong dll dan tidak akan bercampur dgn air, lemak yg cair. ~ angin minyak utk menyembuhkan pening kepala, sakit perut dll. ~ babi cairan lemak babi. ~ benzin minyak utk menjalankan jentera. ~ cenduai minyak guna-guna utk memikat hati orang. ~ diesel minyak yg digunakan utk enjin diesel. ~ galian minyak yg diperoleh dr bumi. ~ gas (tanah) minyak yg mudah terbakar dan digunakan utk lampu dll. ~ goreng minyak yg digunakan utk menggoreng. ~ hitam a. minyak yg agak pekat utk melicinkan perjalanan enjin. b. = ~ tar minyak yg diperoleh drpd arang batu dan digunakan utk membuat jalan. ~ ikan minyak drpd lemak ikan. ~ jarak (kelapa, zaitun) minyak yg didapat drpd buah jarak (kelapa, zaitun). ~ mineral minyak yg diperoleh drpd penyulingan petroleum, yg digunakan sbg pelincir, pelembab dan dlm bidang perubatan. ~ parafin minyak tanah. ~ pati minyak yg dikeluarkan (diperah dsb) dr tumbuhan, yg mempunyai bau atau perisa tumbuhan tsb, biasanya digunakan dlm membuat minyak wangi, sbg perisa dsb. ~ pelicin (pelincir) minyak utk melicinkan perjalanan mesin, jentera dll. ~ petrol minyak utk menjalankan enjin. ~ rambut minyak utk melicinkan rambut. ~ sapi minyak yg dibuat drpd susu lembu. ~ sayur minyak yg diperoleh drpd tumbuh-tumbuhan dan digunakan utk memasak, membuat marjerin dsb. berminyak 1 ada minyak pdnya, mengeluarkan minyak, berlemak: Ikan terubuk yg dipanggang itu ~. 2 memakai minyak: Rambutnya sentiasa ~. meminyaki menyapu atau melumuri dgn minyak, memberi berminyak: Minyak itu dicampurkan dgn petrol utk ~ bahagian enjin yg bergerak. (Kamus Pelajar Edisi Kedua)",kata nama,,minyak masak,,meminyaki,"rakap, lipid, kayuh","minyak_kelapa, minyak_galian, gris",,"kapal_terbang, pesawat_udara, mentega",0.2863091230392456,Positive
menganjurkan,,"[me.ngan.jur.kan]  | مڠنجورکن Definisi : 1. memajukan (menyorong, menghulur) ke depan: jangan dianjurkan badan keluar tingkap, 2. mengemukakan, mengesyorkan, menyarankan, mencadang­kan, mengusulkan: pengerusi ~ supaya mogok makan, 3. mengadakan: ~ ceramah, (Kamus Dewan Edisi Keempat), [me.ngan.jur.kan]  | مڠنجورکن Definisi : 1 menghulurkan sesuatu ke depan: Dia ~ kepalanya utk melihat dgn lebih jelas. 2 mengeluarkan sesuatu pendapat dsb, mengemukakan: Ungku Azizlah yg ~ supaya Tabung Haji ditubuhkan. 3 mengadakan atau mengusahakan sesuatu majlis, ceramah, kursus dsb: ~ kursus bahasa. (Kamus Pelajar Edisi Kedua)",,,,,,"membantu, membangkitkan, menyembat","mencepatkan, membantu, menggesa",,,0.4367653429508209,Positive
setakat,,"[se.ta.kat]  | ستاکت Definisi : sampai had, sehingga: ~ ini, perbual­an mereka terhenti, ~ manakah hasil yg didapati drpd pengajaran yg telah diberi­kan? (Kamus Dewan Edisi Keempat), [se.ta.kat]  | ستاکت Definisi : sampai ke had, sehingga: ~ itu saja yg dpt saya ceritakan. (Kamus Pelajar Edisi Kedua)",,,,,,,,,,0.0,Neutral
